Unnamed: 0,Open,High,Low,Close,Adj Close,Volume,EPS_diff,UNRATE,AWHMAN,ICSA,ACOGNO,NEWORDER,PERMIT,SP500,T10YFF,USALOLITOAASTSAM,T10Y2Y,UMCSENT,FEDFUNDS,VIXCLS,SMA_20,RSI,MACD
0,29.40749931335449,29.530000686645508,28.82749938964844,28.82749938964844,25.70713424682617,585908400,0.12,5.4,41.8,284000,191853.0,64697.0,1072.0,2079.99,1.93,100.480916413366,1.4,93.0,0.11,14.81,38.61512470245361,78.29134176738071,-0.6240387667515961
1,33.6150016784668,33.6349983215332,32.39250183105469,32.63999938964844,29.22182846069336,475696000,0.0299999999999999,5.4,41.8,284000,191853.0,64697.0,1072.0,2079.99,1.93,100.480916413366,1.4,93.0,0.11,14.81,38.61512470245361,78.29134176738071,-0.6240387667515961
2,30.497499465942383,31.375,30.497499465942383,31.30500030517578,28.143707275390625,461802400,0.01,5.3,41.8,273750,192813.0,63781.0,1379.0,2099.28,2.24,100.130445092144,1.68,96.1,0.13,14.34,38.61512470245361,78.29134176738071,-0.6240387667515961
3,29.232500076293945,29.825000762939453,29.01499938964844,29.8174991607666,26.92776107788086,342205600,0.02,5.0,41.8,269500,186601.0,63266.0,1144.0,1944.4,2.04,99.613292239032,1.46,87.2,0.14,24.38,38.61512470245361,78.29134176738071,-0.6240387667515961
4,24.01000022888184,24.15749931335449,23.334999084472656,23.354999542236328,21.18185043334961,533478800,0.0099999999999998,5.0,41.8,271000,180482.0,60173.0,1211.0,2054.08,2.01,99.2424035144421,1.26,92.6,0.24,18.03,38.61512470245361,78.29134176738071,-0.6240387667515961
5,24.0,24.677499771118164,23.920000076293945,24.45499992370605,22.299850463867188,458408400,-0.01,5.0,41.8,263250,179783.0,60644.0,1118.0,2021.95,1.53,99.0867346859161,1.01,91.0,0.36,15.85,38.61512470245361,78.29134176738071,-0.6240387667515961
6,26.0674991607666,26.08749961853028,25.6875,25.737499237060547,23.612213134765625,369379200,0.01,4.9,41.8,265250,184283.0,59332.0,1208.0,2083.89,1.27,99.0939401301081,0.91,93.5,0.38,17.77,38.61512470245361,78.29134176738071,-0.6240387667515961
7,28.57749938964844,28.924999237060547,28.32749938964844,28.897499084472656,26.654895782470703,264536800,0.0,5.0,41.9,251500,182899.0,59489.0,1303.0,2157.69,1.24,99.24341923514427,0.86,91.2,0.4,14.22,38.61512470245361,78.29134176738071,-0.6240387667515961
8,31.75749969482422,32.622501373291016,31.752500534057617,32.1875,29.842010498046875,447940000,0.0299999999999999,4.7,41.9,244000,189443.0,60577.0,1303.0,2275.12,1.78,99.78947565131242,1.23,98.5,0.65,11.61,38.61512470245361,78.29134176738071,-0.6240387667515961
9,36.397499084472656,36.872501373291016,36.067501068115234,36.76499938964844,34.233726501464844,182788000,0.02,4.4,42.0,227800,186764.0,61377.0,1251.0,2359.31,1.39,99.92041587077092,1.06,97.0,0.9,13.14,38.61512470245361,78.29134176738071,-0.6240387667515961
10,39.81999969482422,39.9375,39.040000915527344,39.28499984741211,36.73120880126953,279747200,0.0299999999999999,4.3,41.9,250800,185650.0,61172.0,1256.0,2454.1,1.16,99.9767853851873,0.95,93.4,1.15,10.26,38.61512470245361,78.29134176738071,-0.6240387667515961
11,43.5,43.56499862670898,42.77999877929688,43.125,40.47993469238281,237594400,0.05,4.2,42.0,242250,192372.0,63809.0,1356.0,2557.0,1.2,100.28409130910102,0.81,100.7,1.15,10.13,38.61512470245361,78.29134176738071,-0.6240387667515961
12,41.5,41.70000076293945,40.025001525878906,40.125,37.79933547973633,346375200,0.01,4.0,41.9,235250,199734.0,63684.0,1317.0,2789.8,1.17,100.668635534121,0.55,95.7,1.41,11.06,38.61512470245361,78.29134176738071,-0.6240387667515961
13,43.807498931884766,44.4375,43.45000076293945,44.14250183105469,41.753536224365234,266157600,0.01,4.0,42.3,221500,201729.0,65251.0,1378.0,2653.63,1.18,100.872616354723,0.48,98.8,1.69,18.27,38.61512470245361,78.29134176738071,-0.6240387667515961
14,49.782501220703125,50.43999862670898,49.32749938964844,50.375,47.83244705200195,271742800,0.0499999999999999,3.8,42.2,209500,205091.0,68233.0,1334.0,2793.64,0.98,100.729100259206,0.28,97.9,1.91,13.15,38.61512470245361,78.29134176738071,-0.6240387667515961
15,52.38750076293945,53.41249847412109,51.35749816894531,51.869998931884766,49.42473983764648,365314800,0.03,3.8,42.1,213000,207827.0,67696.0,1272.0,2785.46,0.96,100.297193002266,0.29,98.6,2.19,19.35,38.61512470245361,79.34176214202252,-0.6240387667515961
16,40.8125,41.53749847412109,40.057498931884766,41.3125,39.50227355957031,244439200,0.01,3.9,42.1,224600,198538.0,65602.0,1317.0,2567.31,0.56,99.8580511000046,0.16,98.3,2.27,24.95,38.61512470245361,57.99882454431291,-0.6240387667515961
17,52.470001220703125,53.82749938964844,52.307498931884766,52.630001068115234,50.53971862792969,259309200,0.03,3.7,41.6,209750,202759.0,66858.0,1311.0,2903.8,0.11,99.2042658362208,0.19,97.2,2.42,12.95,38.61512470245361,67.95140206450397,-0.6240387667515961
18,54.10499954223633,55.34249877929688,52.82500076293945,53.2599983215332,51.34164810180664,277125600,0.02,3.7,41.5,208500,199540.0,65540.0,1352.0,2996.11,-0.34,98.89289360200692,0.22,98.4,2.4,13.31,38.61512470245361,68.40028193178628,-0.6240387667515961
19,61.810001373291016,62.29249954223633,59.31499862670898,62.18999862670898,60.17778396606445,139162000,0.05,3.6,41.4,212250,195081.0,64707.0,1525.0,2977.68,-0.12,98.8944108594582,0.16,95.5,1.83,15.47,38.61512470245361,73.96640429747069,-0.6240387667515961
20,81.11250305175781,81.9625015258789,80.34500122070312,81.08499908447266,78.69699096679688,216229200,0.1100000000000001,3.6,41.4,236000,194939.0,62742.0,1451.0,3176.75,0.31,99.0546186213183,0.25,99.3,1.55,13.76,41.22799968719482,81.42281185202887,-0.6240387667515961
21,102.88500213623048,106.41500091552734,100.8249969482422,106.26000213623048,103.65514373779295,374336800,0.14,10.2,40.7,1383500,184738.0,59349.0,1546.0,3207.62,0.53,97.7326868708286,0.48,72.5,0.09,26.84,44.90899982452392,86.83368216524654,-0.6240387667515961
22,111.05999755859376,111.98999786376952,107.72000122070312,108.86000061035156,106.38287353515624,190272600,0.04,7.8,41.2,851750,185169.0,61549.0,1624.0,3365.52,0.59,98.7370469361857,0.54,80.4,0.09,27.65,48.78674983978272,87.24681899591869,-0.6240387667515961
23,139.52000427246094,141.99000549316406,136.6999969482422,137.08999633789062,134.20164489746094,142621100,0.27,6.7,41.4,836750,194186.0,63538.0,1744.0,3695.31,0.84,99.92670655661,0.8,80.7,0.09,22.37,54.15037469863891,90.6700216920316,-0.6240387667515961
24,144.80999755859375,146.97000122070312,142.5399932861328,144.97999572753906,142.37890625,118931200,0.3,5.9,41.4,410500,210248.0,67907.0,1657.0,4238.49,1.44,101.338379376802,1.32,85.5,0.08,16.96,60.23162450790405,91.36745663277009,-0.6240387667515961
0,21.950000762939453,22.63249969482422,21.950000762939453,22.2549991607666,22.2549991607666,343538000,0.0,5.4,41.8,284000,191853.0,64697.0,1072.0,2079.99,1.93,100.480916413366,1.4,93.0,0.11,14.81,59.910149574279785,84.61938875309436,-7.2923482633230705
1,28.949499130249023,29.028499603271484,26.467500686645508,26.47100067138672,26.47100067138672,438188000,0.02,5.3,41.8,273750,192813.0,63781.0,1379.0,2099.28,2.24,100.130445092144,1.68,96.1,0.13,14.34,59.910149574279785,84.61938875309436,-7.2923482633230705
2,30.88400077819824,30.97249984741211,29.76799964904785,29.951499938964844,29.951499938964844,213854000,0.02,5.0,41.8,269500,186601.0,63266.0,1144.0,1944.4,2.04,99.613292239032,1.46,87.2,0.14,24.38,59.910149574279785,84.61938875309436,-7.2923482633230705
3,28.599000930786133,29.64999961853028,28.5,29.350000381469727,29.350000381469727,293552000,-0.03,5.0,41.8,271000,180482.0,60173.0,1211.0,2054.08,2.01,99.2424035144421,1.26,92.6,0.24,18.03,59.910149574279785,84.61938875309436,-7.2923482633230705
4,33.29999923706055,33.499000549316406,32.70000076293945,32.97949981689453,32.97949981689453,206214000,0.02,5.0,41.8,263250,179783.0,60644.0,1118.0,2021.95,1.53,99.0867346859161,1.01,91.0,0.36,15.85,59.910149574279785,84.61938875309436,-7.2923482633230705
5,38.25,38.29999923706055,37.75,37.94049835205078,37.94049835205078,135542000,0.03,4.9,41.8,265250,184283.0,59332.0,1208.0,2083.89,1.27,99.0939401301081,0.91,93.5,0.38,17.77,59.910149574279785,84.61938875309436,-7.2923482633230705
6,39.09999847412109,39.4744987487793,38.730499267578125,38.81600189208984,38.81600189208984,216822000,-0.01,5.0,41.9,251500,182899.0,59489.0,1303.0,2157.69,1.24,99.24341923514427,0.86,91.2,0.4,14.22,59.910149574279785,84.61938875309436,-7.2923482633230705
7,40.33599853515625,40.915000915527344,40.20000076293945,40.5099983215332,40.5099983215332,217376000,0.0099999999999999,4.7,41.9,244000,189443.0,60577.0,1303.0,2275.12,1.78,99.78947565131242,1.23,98.5,0.65,11.61,59.910149574279785,84.61938875309436,-7.2923482633230705
8,47.44150161743164,47.47949981689453,46.21649932861328,46.2495002746582,46.2495002746582,147294000,0.02,4.4,41.8,233750,186965.0,61217.0,1272.0,2366.82,1.7,99.90791382269568,1.17,96.9,0.79,11.9,59.910149574279785,84.61938875309436,-7.2923482633230705
9,50.60699844360352,51.64250183105469,50.04999923706055,51.00199890136719,51.00199890136719,154188000,-0.05,4.3,42.0,248000,185638.0,60282.0,1353.0,2433.99,1.15,99.9438878626564,0.84,95.0,1.04,10.51,59.910149574279785,84.61938875309436,-7.2923482633230705
10,52.90700149536133,55.27899932861328,52.52750015258789,55.04750061035156,55.04750061035156,331300000,0.03,4.3,41.9,272400,189788.0,63738.0,1273.0,2492.84,1.05,100.157121409161,0.82,95.1,1.15,10.44,59.910149574279785,84.61938875309436,-7.2923482633230705
11,73.86949920654297,74.9000015258789,70.69999694824219,71.49749755859375,71.49749755859375,222514000,0.02,4.0,41.9,235250,199734.0,63684.0,1317.0,2789.8,1.17,100.668635534121,0.55,95.7,1.41,11.06,59.910149574279785,84.61938875309436,-7.2923482633230705
12,81.70050048828125,81.90499877929688,78.36949920654297,78.63099670410156,78.63099670410156,261064000,0.1,4.0,42.2,225800,199775.0,64151.0,1385.0,2702.77,1.34,100.853038383548,0.57,101.4,1.51,19.02,59.910149574279785,84.61938875309436,-7.2923482633230705
13,93.80249786376952,94.00250244140624,90.32649993896484,90.8635025024414,90.8635025024414,193620000,0.13,4.0,42.2,222600,203807.0,67716.0,1345.0,2754.35,1.09,100.804780122537,0.38,98.2,1.82,13.68,59.910149574279785,84.61938875309436,-7.2923482633230705
14,82.47949981689453,84.9229965209961,80.1500015258789,82.1405029296875,82.1405029296875,299276000,0.1299999999999999,3.7,42.0,205200,207405.0,67190.0,1314.0,2901.5,1.06,100.485319382087,0.24,100.1,1.95,12.91,59.910149574279785,84.61938875309436,-7.2923482633230705
15,81.94400024414062,83.65299987792969,81.10050201416016,81.3115005493164,81.3115005493164,230124000,0.0199999999999999,4.0,42.0,222750,199495.0,66871.0,1261.0,2607.39,0.31,99.65139055242408,0.17,91.2,2.4,19.57,59.910149574279785,83.34623993355396,-7.2923482633230705
16,96.4499969482422,97.5500030517578,94.9000015258789,97.53150177001952,97.53150177001952,168652000,0.1199999999999999,3.8,41.7,211800,201488.0,67592.0,1305.0,2803.98,0.17,99.3358009873195,0.16,98.4,2.41,14.49,59.910149574279785,87.35498490596169,-7.2923482633230705
17,97.0999984741211,97.54499816894533,96.22550201416016,97.15249633789062,97.15249633789062,98542000,0.0,3.6,41.7,225200,198808.0,66127.0,1315.0,2890.17,-0.3,98.9769665881838,0.26,98.2,2.38,15.84,59.910149574279785,86.82903987176557,-7.2923482633230705
18,84.87750244140625,88.21050262451172,84.75,88.06649780273438,88.06649780273438,192528000,-0.01,3.5,41.5,209500,196780.0,64927.0,1474.0,2982.16,-0.35,98.84114311296292,0.05,93.2,2.04,15.56,59.910149574279785,75.1479884167895,-7.2923482633230705
19,102.57350158691406,102.78600311279295,100.1135025024414,100.43599700927734,100.43599700927734,311346000,0.12,3.6,41.3,214500,191348.0,61781.0,1507.0,3278.2,0.21,99.0912204159545,0.24,99.8,1.55,13.94,59.910149574279785,79.24213792670754,-7.2923482633230705
20,162.1999969482422,162.34100341796875,157.5500030517578,158.23399353027344,158.23399353027344,161710000,0.43,10.2,40.7,1383500,184738.0,59349.0,1546.0,3207.62,0.53,97.7326868708286,0.48,72.5,0.09,26.84,66.70909929275513,88.65062091417187,-7.2923482633230705
21,157.8874969482422,158.35000610351562,150.9499969482422,151.8074951171875,151.8074951171875,167728000,0.25,7.8,41.2,851750,185169.0,61549.0,1624.0,3365.52,0.59,98.7370469361857,0.54,80.4,0.09,27.65,72.97592401504517,84.08697426433935,-7.2923482633230705
22,171.25050354003906,171.6999969482422,165.43099975585938,165.62649536132812,165.62649536132812,141776000,0.35,6.4,41.6,827800,197804.0,64828.0,1883.0,3793.75,1.0,100.304464890254,0.95,79.0,0.09,24.91,79.75967378616333,85.78192797558886,-7.2923482633230705
23,176.25599670410156,177.6999969482422,173.125,173.37100219726562,173.37100219726562,140186000,0.3,6.1,41.6,589000,200300.0,67997.0,1738.0,4141.18,1.57,101.26570148598302,1.47,88.3,0.07,17.42,86.96072387695312,86.64072362927122,-7.2923482633230705
24,167.3975067138672,168.40699768066406,165.3489990234375,166.37950134277344,166.37950134277344,199312000,0.15,5.9,41.4,410500,210248.0,67907.0,1657.0,4238.49,1.44,101.338379376802,1.32,85.5,0.08,16.96,93.63072395324708,81.83509663465374,-7.2923482633230705
0,25.950000762939453,27.155000686645508,25.90900039672852,26.877500534057617,26.811111450195312,121108000,-0.0099999999999999,5.4,41.8,284000,191853.0,64697.0,1072.0,2079.99,1.93,100.480916413366,1.4,93.0,0.11,14.81,48.7955753326416,67.43231256544563,-2.7954016082059496
1,29.002500534057617,29.23500061035156,28.417499542236328,28.683000564575195,28.61215209960937,92168000,-0.01,5.4,41.8,284000,191853.0,64697.0,1072.0,2079.99,1.93,100.480916413366,1.4,93.0,0.11,14.81,48.7955753326416,67.43231256544563,-2.7954016082059496
2,37.50299835205078,37.625,35.89699935913086,35.96649932861328,35.877662658691406,126726000,0.0,5.0,41.8,269500,186601.0,63266.0,1144.0,1944.4,2.04,99.613292239032,1.46,87.2,0.14,24.38,48.7955753326416,67.43231256544563,-2.7954016082059496
3,40.025001525878906,40.51750183105469,39.02999877929688,39.045501708984375,38.94905853271485,135846000,0.0199999999999999,4.8,41.9,279600,177754.0,61843.0,1171.0,1918.6,1.72,99.1595531885749,1.19,92.0,0.34,23.72,48.7955753326416,67.43231256544563,-2.7954016082059496
4,37.195499420166016,37.69599914550781,36.51850128173828,36.88850021362305,36.79738235473633,140798000,-0.02,5.0,41.8,263250,179783.0,60644.0,1118.0,2021.95,1.53,99.0867346859161,1.01,91.0,0.36,15.85,48.7955753326416,67.43231256544563,-2.7954016082059496
5,39.885501861572266,40.196998596191406,39.5,39.56700134277344,39.469268798828125,101810000,0.0299999999999999,4.9,41.8,265250,184283.0,59332.0,1208.0,2083.89,1.27,99.0939401301081,0.91,93.5,0.38,17.77,48.7955753326416,67.43231256544563,-2.7954016082059496
6,41.49700164794922,41.95000076293945,40.84999847412109,40.97800064086914,40.87678146362305,87098000,0.0299999999999999,5.0,41.9,251500,182899.0,59489.0,1303.0,2157.69,1.24,99.24341923514427,0.86,91.2,0.4,14.22,48.7955753326416,67.43231256544563,-2.7954016082059496
7,42.95000076293945,43.34999847412109,42.095001220703125,42.25149917602539,42.14713668823242,75050000,0.0,4.7,41.9,252200,189754.0,59590.0,1248.0,2246.63,1.96,99.6679035956588,1.3,98.2,0.54,12.47,48.7955753326416,67.43231256544563,-2.7954016082059496
8,46.45000076293945,46.79499816894531,46.1609992980957,46.22600173950195,46.11182022094727,76918000,0.03,4.4,41.8,233750,186965.0,61217.0,1272.0,2366.82,1.7,99.90791382269568,1.17,96.9,0.79,11.9,48.7955753326416,67.43231256544563,-2.7954016082059496
9,48.53499984741211,48.83649826049805,48.18999862670898,48.45149993896485,48.331825256347656,118672000,0.03,4.3,42.0,248000,185638.0,60282.0,1353.0,2433.99,1.15,99.9438878626564,0.84,95.0,1.04,10.51,48.7955753326416,67.43231256544563,-2.7954016082059496
10,51.54949951171875,53.180999755859375,51.34249877929688,51.68349838256836,51.55583572387695,103682000,0.06,4.3,41.9,272400,189788.0,63738.0,1273.0,2492.84,1.05,100.157121409161,0.82,95.1,1.15,10.44,48.7955753326416,67.43231256544563,-2.7954016082059496
11,56.37099838256836,56.56499862670898,55.55849838256836,55.959999084472656,55.821773529052734,117842000,-0.02,4.0,41.9,235250,199734.0,63684.0,1317.0,2789.8,1.17,100.668635534121,0.55,95.7,1.41,11.06,48.7955753326416,67.43231256544563,-2.7954016082059496
12,52.959999084472656,53.2244987487793,50.64300155639648,51.13199996948242,51.00570297241211,128220000,0.0399999999999999,4.0,42.2,225800,199775.0,64151.0,1385.0,2702.77,1.34,100.853038383548,0.57,101.4,1.51,19.02,48.7955753326416,67.43231256544563,-2.7954016082059496
13,63.54999923706055,63.75,62.20700073242188,62.907501220703125,62.75211715698242,107600000,0.12,4.0,42.2,222600,203807.0,67716.0,1345.0,2754.35,1.09,100.804780122537,0.38,98.2,1.82,13.68,48.7955753326416,67.43231256544563,-2.7954016082059496
14,52.416500091552734,55.84999847412109,52.11149978637695,54.1875,54.053653717041016,106438000,0.12,3.7,42.0,205200,207405.0,67190.0,1314.0,2901.5,1.06,100.485319382087,0.24,100.1,1.95,12.91,48.7955753326416,67.43231256544563,-2.7954016082059496
15,56.48149871826172,57.63850021362305,56.18000030517578,57.59349822998047,57.45123672485352,82296000,0.0899999999999999,4.0,42.0,222750,199495.0,66871.0,1261.0,2607.39,0.31,99.65139055242408,0.17,91.2,2.4,19.57,48.7955753326416,70.00784543057001,-2.7954016082059496
16,59.53150177001953,60.04899978637695,59.150001525878906,59.948001861572266,59.7999267578125,133178000,0.0699999999999999,3.7,41.6,209750,202759.0,66858.0,1311.0,2903.8,0.11,99.2042658362208,0.19,97.2,2.42,12.95,48.7955753326416,71.67541282069148,-2.7954016082059496
17,61.400001525878906,63.41949844360352,61.400001525878906,62.26100158691406,62.107215881347656,121216000,0.14,3.6,41.7,225200,198808.0,66127.0,1315.0,2890.17,-0.3,98.9769665881838,0.26,98.2,2.38,15.84,48.7955753326416,73.24895154787349,-2.7954016082059496
18,63.79999923706055,64.04000091552734,62.78049850463867,63.03300094604492,62.8773078918457,52654000,-0.12,3.5,41.5,209500,196780.0,64927.0,1474.0,2982.16,-0.35,98.84114311296292,0.05,93.2,2.04,15.56,48.7955753326416,73.77266538218859,-2.7954016082059496
19,72.72450256347656,73.36699676513672,71.10150146484375,72.27050018310547,72.09198760986328,95880000,0.13,3.6,41.3,214500,191348.0,61781.0,1507.0,3278.2,0.21,99.0912204159545,0.24,99.8,1.55,13.94,48.7955753326416,79.05626141958585,-2.7954016082059496
20,67.25,68.00749969482422,66.33650207519531,67.10900115966797,66.9432373046875,108358000,-0.03,4.4,41.2,2334500,170136.0,60644.0,1358.0,2652.39,0.24,97.6721191925629,0.42,89.1,0.65,57.74,50.80715036392212,70.50901519859094,-2.7954016082059496
21,83.37200164794922,84.06600189208984,80.07849884033203,80.80549621582031,80.60590362548828,99878000,0.25,7.8,41.2,851750,185169.0,61549.0,1624.0,3365.52,0.59,98.7370469361857,0.54,80.4,0.09,27.65,53.41327514648437,77.4699844166712,-2.7954016082059496
22,103.28050231933594,105.33100128173828,100.67749786376952,102.94400024414062,102.68972778320312,97882000,0.32,6.4,41.6,827800,197804.0,64828.0,1883.0,3793.75,1.0,100.304464890254,0.95,79.0,0.09,24.91,56.76215019226074,84.03111349012327,-2.7954016082059496
23,136.31199645996094,138.2969970703125,135.27749633789062,136.093994140625,135.75782775878906,95130000,0.3700000000000001,5.9,41.4,410500,210248.0,67907.0,1657.0,4238.49,1.44,101.338379376802,1.32,85.5,0.08,16.96,61.61457481384277,89.1339260117255,-2.7954016082059496
24,139.40499877929688,148.64999389648438,139.40499877929688,146.21749877929688,145.85633850097656,85782000,0.24,4.7,41.4,354500,216321.0,68790.0,1625.0,4445.54,1.3,101.164667218887,1.13,72.8,0.08,19.82,67.08102474212646,90.16726201560516,-2.7954016082059496
0,76.8499984741211,78.0199966430664,74.20999908447266,78.0,77.76585388183594,61293500,-0.01,5.4,41.8,284000,191853.0,64697.0,1072.0,2079.99,1.93,100.480916413366,1.4,93.0,0.11,14.81,146.13499946594237,79.14933308859862,5.56900121434483
1,84.0999984741211,85.58999633789062,82.41000366210938,82.41000366210938,82.1626205444336,73728100,-0.0099999999999999,5.4,41.8,284000,191853.0,64697.0,1072.0,2079.99,1.93,100.480916413366,1.4,93.0,0.11,14.81,146.13499946594237,79.14933308859862,5.56900121434483
2,94.91000366210938,95.80999755859376,91.8000030517578,95.20999908447266,94.9241943359375,86211300,-0.01,5.3,41.8,273750,192813.0,63781.0,1379.0,2099.28,2.24,100.130445092144,1.68,96.1,0.13,14.34,146.13499946594237,79.14933308859862,5.56900121434483
3,108.8000030517578,110.6500015258789,107.9499969482422,108.76000213623048,108.43351745605467,63232900,0.01,5.0,41.8,267000,184613.0,63436.0,1160.0,2024.81,1.95,99.4680323599224,1.43,90.0,0.12,16.79,146.13499946594237,79.14933308859862,5.56900121434483
4,107.1999969482422,110.33999633789062,104.80999755859376,109.11000061035156,108.782470703125,107475300,0.0899999999999999,5.0,41.8,271000,180482.0,60173.0,1211.0,2054.08,2.01,99.2424035144421,1.26,92.6,0.24,18.03,146.13499946594237,79.14933308859862,5.56900121434483
5,119.58000183105467,120.79000091552734,116.2300033569336,116.7300033569336,116.3795928955078,87110100,0.1299999999999999,5.0,41.8,263250,179783.0,60644.0,1118.0,2021.95,1.53,99.0867346859161,1.01,91.0,0.36,15.85,146.13499946594237,79.14933308859862,5.56900121434483
6,127.5199966430664,128.3300018310547,123.62999725341795,125.0,124.62477111816406,78955800,0.14,4.9,41.8,265250,184283.0,59332.0,1208.0,2083.89,1.27,99.0939401301081,0.91,93.5,0.38,17.77,146.13499946594237,79.14933308859862,5.56900121434483
7,122.0,123.27999877929688,119.5,120.0,119.63977813720705,63766300,0.1099999999999999,4.9,42.0,255800,183383.0,59280.0,1254.0,2143.02,1.36,99.3693118135355,0.92,87.2,0.4,14.59,146.13499946594237,79.14933308859862,5.56900121434483
8,133.22000122070312,135.49000549316406,130.39999389648438,130.83999633789062,130.44723510742188,54366400,0.1299999999999999,4.7,41.9,244000,189443.0,60577.0,1303.0,2275.12,1.78,99.78947565131242,1.23,98.5,0.65,11.61,146.13499946594237,79.14933308859862,5.56900121434483
9,150.1699981689453,151.52000427246094,148.72000122070312,150.85000610351562,150.3971710205078,36225500,0.16,4.4,42.0,227800,186764.0,61377.0,1251.0,2359.31,1.39,99.92041587077092,1.06,97.0,0.9,13.14,146.13499946594237,79.14933308859862,5.56900121434483
10,174.6999969482422,175.49000549316406,167.5,170.44000244140625,169.92837524414062,68910700,0.1900000000000001,4.3,42.0,248000,185638.0,60282.0,1353.0,2433.99,1.15,99.9438878626564,0.84,95.0,1.04,10.51,146.13499946594237,79.14933308859862,5.56900121434483
11,180.6300048828125,181.94000244140625,177.33999633789062,178.9199981689453,178.38291931152344,35529900,0.31,4.2,42.0,242250,192372.0,63809.0,1356.0,2557.0,1.2,100.28409130910102,0.81,100.7,1.15,10.13,146.13499946594237,79.14933308859862,5.56900121434483
12,188.22000122070312,195.32000732421875,187.88999938964844,193.08999633789065,192.51036071777344,54211300,0.2400000000000002,4.0,41.9,235250,199734.0,63684.0,1317.0,2789.8,1.17,100.668635534121,0.55,95.7,1.41,11.06,146.13499946594237,79.14933308859862,5.56900121434483
13,173.22000122070312,176.27000427246094,170.8000030517578,174.16000366210938,173.63720703125,77556900,0.3299999999999998,4.0,42.2,225800,199775.0,64151.0,1385.0,2702.77,1.34,100.853038383548,0.57,101.4,1.51,19.02,146.13499946594237,79.14933308859862,5.56900121434483
14,174.88999938964844,180.1300048828125,173.75,176.25999450683594,175.73089599609375,169803700,-0.01,4.0,42.2,222600,203807.0,67716.0,1345.0,2754.35,1.09,100.804780122537,0.38,98.2,1.82,13.68,146.13499946594237,79.14933308859862,5.56900121434483
15,155.0,156.39999389648438,148.9600067138672,151.7899932861328,151.33433532714844,60101300,0.3,3.8,42.1,213000,207827.0,67696.0,1272.0,2785.46,0.96,100.297193002266,0.29,98.6,2.19,19.35,146.13499946594237,62.4538728373064,5.56900121434483
16,165.60000610351562,171.67999267578125,165.0,166.69000244140625,166.1896209716797,77233600,0.2099999999999999,4.0,42.0,222750,199495.0,66871.0,1261.0,2607.39,0.31,99.65139055242408,0.17,91.2,2.4,19.57,146.13499946594237,67.01622424358428,5.56900121434483
17,196.97999572753903,198.47999572753903,192.1199951171875,193.259994506836,192.6798553466797,54148800,-0.8099999999999999,3.8,41.7,211800,201488.0,67592.0,1305.0,2803.98,0.17,99.3358009873195,0.16,98.4,2.41,14.49,146.13499946594237,73.25682180636016,5.56900121434483
18,196.6999969482422,198.08999633789065,188.25,191.6499938964844,191.0746917724609,42286500,0.2100000000000002,3.6,41.4,212250,195081.0,64707.0,1525.0,2977.68,-0.12,98.8944108594582,0.16,95.5,1.83,15.47,146.13499946594237,72.36338471264133,5.56900121434483
19,206.52999877929688,211.42999267578125,204.75,209.52999877929688,208.90103149414065,48775500,0.04,3.6,41.4,236000,194939.0,62742.0,1451.0,3176.75,0.31,99.0546186213183,0.25,99.3,1.55,13.76,146.13499946594237,75.88137564410039,5.56900121434483
20,255.82000732421875,255.8500061035156,249.0,253.6699981689453,252.90850830078125,53005100,0.3600000000000001,10.2,40.7,1383500,184738.0,59349.0,1546.0,3207.62,0.53,97.7326868708286,0.48,72.5,0.09,26.84,154.91849937438965,81.97981260270974,5.56900121434483
21,274.5,276.70001220703125,259.1000061035156,263.1099853515625,262.3201599121094,47247800,0.77,7.8,41.2,851750,185169.0,61549.0,1624.0,3365.52,0.59,98.7370469361857,0.54,80.4,0.09,27.65,163.9534984588623,82.97148137850223,5.56900121434483
22,277.17999267578125,286.7900085449219,264.70001220703125,265.0,264.2044982910156,37758800,0.6399999999999997,6.7,41.4,836750,194186.0,63538.0,1744.0,3695.31,0.84,99.92670655661,0.8,80.7,0.09,22.37,172.44299850463867,83.17116381527835,5.56900121434483
23,330.1199951171875,331.8099975585937,321.6099853515625,329.510009765625,328.5208435058594,56526800,0.94,6.1,41.6,669250,200903.0,66492.0,1732.0,3910.51,1.54,101.001751561517,1.46,84.9,0.07,21.84,183.4804988861084,88.24007084299485,5.56900121434483
24,361.0,365.5199890136719,356.739990234375,358.32000732421875,357.2444152832031,33413200,0.5800000000000001,5.9,41.4,410500,210248.0,67907.0,1657.0,4238.49,1.44,101.338379376802,1.32,85.5,0.08,16.96,195.9409992218017,89.72810114208323,5.56900121434483
0,45.65999984741211,48.13999938964844,45.650001525878906,47.869998931884766,41.48102951049805,130933700,0.1099999999999999,5.4,41.8,284000,191853.0,64697.0,1072.0,2079.99,1.93,100.480916413366,1.4,93.0,0.11,14.81,87.40649929046631,94.92349882562446,-4.2476498039609965
1,45.43999862670898,46.93000030517578,45.20000076293945,45.540000915527344,39.71846008300781,59152400,0.0599999999999999,5.3,41.8,273750,192813.0,63781.0,1379.0,2099.28,2.24,100.130445092144,1.68,96.1,0.13,14.34,87.40649929046631,94.92349882562446,-4.2476498039609965
2,52.29999923706055,54.06999969482422,52.25,52.869998931884766,46.41550827026367,135227100,0.09,5.0,41.8,269500,186601.0,63266.0,1144.0,1944.4,2.04,99.613292239032,1.46,87.2,0.14,24.38,87.40649929046631,94.92349882562446,-4.2476498039609965
3,54.72999954223633,55.09000015258789,54.0,55.09000015258789,48.69047927856445,83611700,0.09,5.0,41.8,271000,180482.0,60173.0,1211.0,2054.08,2.01,99.2424035144421,1.26,92.6,0.24,18.03,87.40649929046631,94.92349882562446,-4.2476498039609965
4,51.90999984741211,52.43000030517578,50.77000045776367,51.77999877929688,46.09357833862305,126834100,-0.01,5.0,41.8,263250,179783.0,60644.0,1118.0,2021.95,1.53,99.0867346859161,1.01,91.0,0.36,15.85,87.40649929046631,94.92349882562446,-4.2476498039609965
5,56.150001525878906,56.84000015258789,55.52999877929688,55.90999984741211,50.11813354492188,89893300,0.1099999999999999,4.9,41.8,265250,184283.0,59332.0,1208.0,2083.89,1.27,99.0939401301081,0.91,93.5,0.38,17.77,87.40649929046631,94.92349882562446,-4.2476498039609965
6,60.27999877929688,60.45000076293945,59.4900016784668,59.65999984741211,53.812984466552734,80032200,0.0799999999999999,5.0,41.9,251500,182899.0,59489.0,1303.0,2157.69,1.24,99.24341923514427,0.86,91.2,0.4,14.22,87.40649929046631,94.92349882562446,-4.2476498039609965
7,65.38999938964844,65.91000366210938,64.88999938964844,65.77999877929688,59.734012603759766,44818000,0.0399999999999999,4.7,41.9,252200,189754.0,59590.0,1248.0,2246.63,1.96,99.6679035956588,1.3,98.2,0.54,12.47,87.40649929046631,94.92349882562446,-4.2476498039609965
8,68.91000366210938,69.13999938964844,67.69000244140625,68.45999908447266,62.5445671081543,39548800,0.04,4.4,41.8,233750,186965.0,61217.0,1272.0,2366.82,1.7,99.90791382269568,1.17,96.9,0.79,11.9,87.40649929046631,94.92349882562446,-4.2476498039609965
9,73.44999694824219,74.29000091552734,73.16999816894531,73.79000091552734,67.80046081542969,46717100,0.27,4.3,42.0,248000,185638.0,60282.0,1353.0,2433.99,1.15,99.9438878626564,0.84,95.0,1.04,10.51,87.40649929046631,94.92349882562446,-4.2476498039609965
10,84.37000274658203,86.19999694824219,83.61000061035156,83.80999755859375,77.41739654541016,71066700,0.12,4.3,41.9,272400,189788.0,63738.0,1273.0,2492.84,1.05,100.157121409161,0.82,95.1,1.15,10.44,87.40649929046631,94.92349882562446,-4.2476498039609965
11,94.79000091552734,96.06999969482422,93.58000183105467,94.26000213623048,87.50760650634766,47227900,0.0999999999999999,4.0,41.9,235250,199734.0,63684.0,1317.0,2789.8,1.17,100.668635534121,0.55,95.7,1.41,11.06,87.40649929046631,94.92349882562446,-4.2476498039609965
12,97.5999984741211,97.9000015258789,93.91000366210938,95.81999969482422,89.37374877929688,48272800,0.0999999999999999,4.0,42.2,225800,199775.0,64151.0,1385.0,2702.77,1.34,100.853038383548,0.57,101.4,1.51,19.02,87.40649929046631,94.92349882562446,-4.2476498039609965
13,108.08000183105467,108.1999969482422,106.08000183105467,106.2699966430664,99.55034637451172,56004000,0.0599999999999998,4.0,42.2,222600,203807.0,67716.0,1345.0,2754.35,1.09,100.804780122537,0.38,98.2,1.82,13.68,87.40649929046631,94.92349882562446,-4.2476498039609965
14,106.5500030517578,109.2699966430664,106.1500015258789,108.3000030517578,101.84239959716795,61646800,0.1799999999999999,3.7,42.0,205200,207405.0,67190.0,1314.0,2901.5,1.06,100.485319382087,0.24,100.1,1.95,12.91,87.40649929046631,94.92349882562446,-4.2476498039609965
15,103.8000030517578,105.22000122070312,103.18000030517578,104.43000030517578,98.62741088867188,55636400,0.01,4.0,42.0,222750,199495.0,66871.0,1261.0,2607.39,0.31,99.65139055242408,0.17,91.2,2.4,19.57,87.40649929046631,87.42477873127594,-4.2476498039609965
16,130.05999755859375,131.3699951171875,128.8300018310547,129.14999389648438,122.49476623535156,38033900,0.1399999999999999,3.8,41.7,211800,201488.0,67592.0,1305.0,2803.98,0.17,99.3358009873195,0.16,98.4,2.41,14.49,87.40649929046631,91.85236303442844,-4.2476498039609965
17,140.22000122070312,140.6699981689453,136.4499969482422,136.6199951171875,130.05947875976562,48992400,0.1600000000000001,3.6,41.7,225200,198808.0,66127.0,1315.0,2890.17,-0.3,98.9769665881838,0.26,98.2,2.38,15.84,87.40649929046631,92.6899476522122,-4.2476498039609965
18,139.38999938964844,140.4199981689453,138.6699981689453,139.94000244140625,133.66368103027344,37029300,0.1299999999999999,3.5,41.5,209500,196780.0,64927.0,1474.0,2982.16,-0.35,98.84114311296292,0.05,93.2,2.04,15.56,87.40649929046631,93.0327633027056,-4.2476498039609965
19,174.0500030517578,174.0500030517578,170.7899932861328,172.77999877929688,165.59239196777344,51597500,0.1899999999999999,3.6,41.4,236000,194939.0,62742.0,1451.0,3176.75,0.31,99.0546186213183,0.25,99.3,1.55,13.76,87.40649929046631,95.35381706622972,-4.2476498039609965
20,207.19000244140625,210.9199981689453,202.1499938964844,202.5399932861328,195.1866455078125,67457000,0.08,11.0,39.9,1490250,172517.0,58274.0,1338.0,3104.66,0.65,96.1431955429304,0.54,78.1,0.08,31.12,95.1399990081787,96.49375523511162,-4.2476498039609965
21,207.6699981689453,208.83999633789065,202.1000061035156,202.67999267578125,195.793701171875,51195600,0.29,7.8,41.2,851750,185169.0,61549.0,1624.0,3365.52,0.59,98.7370469361857,0.54,80.4,0.09,27.65,102.9969985961914,96.49810800508185,-4.2476498039609965
22,238.0,240.44000244140625,230.13999938964844,232.8999938964844,225.5759735107422,69870600,0.3899999999999999,6.7,41.4,836750,194186.0,63538.0,1744.0,3695.31,0.84,99.92670655661,0.8,80.7,0.09,22.37,111.9984983444214,97.2823779368848,-4.2476498039609965
23,256.0799865722656,256.5400085449219,252.9499969482422,254.5599975585937,247.1226959228516,46903100,0.1899999999999999,6.1,41.6,669250,200903.0,66492.0,1732.0,3910.51,1.54,101.001751561517,1.46,84.9,0.07,21.84,121.97199821472168,97.6829234969688,-4.2476498039609965
24,288.989990234375,290.1499938964844,283.8299865722656,286.2200012207031,278.4992980957031,33566900,0.27,5.9,41.4,410500,210248.0,67907.0,1657.0,4238.49,1.44,101.338379376802,1.32,85.5,0.08,16.96,133.693998336792,98.11926586791296,-4.2476498039609965
0,59.23428726196289,59.2400016784668,57.40999984741211,58.46857070922852,58.46857070922852,66902500,0.04,5.4,41.8,284000,191853.0,64697.0,1072.0,2079.99,1.93,100.480916413366,1.4,93.0,0.11,14.81,203.50757122039795,93.74677686405477,-35.19168757413749
1,76.0,81.25,75.71428680419922,80.29285430908203,80.29285430908203,104500900,0.0099999999999999,5.4,41.8,284000,191853.0,64697.0,1072.0,2079.99,1.93,100.480916413366,1.4,93.0,0.11,14.81,203.50757122039795,93.74677686405477,-35.19168757413749
2,111.0199966430664,116.48999786376952,107.68000030517578,115.80999755859376,115.80999755859376,63461000,0.0,5.3,41.8,273750,192813.0,63781.0,1379.0,2099.28,2.24,100.130445092144,1.68,96.1,0.13,14.34,203.50757122039795,93.74677686405477,-35.19168757413749
3,103.7699966430664,104.87999725341795,99.0999984741211,101.08999633789062,101.08999633789062,48484300,0.0,5.0,41.8,269500,186601.0,63266.0,1144.0,1944.4,2.04,99.613292239032,1.46,87.2,0.14,24.38,203.50757122039795,93.74677686405477,-35.19168757413749
4,108.91000366210938,109.98999786376952,97.0500030517578,107.73999786376952,107.73999786376952,53009400,0.05,5.0,41.8,271000,180482.0,60173.0,1211.0,2054.08,2.01,99.2424035144421,1.26,92.6,0.24,18.03,203.50757122039795,93.74677686405477,-35.19168757413749
5,99.48999786376952,101.37000274658205,94.1999969482422,94.33999633789062,94.33999633789062,55728800,0.03,5.0,41.8,263250,179783.0,60644.0,1118.0,2021.95,1.53,99.0867346859161,1.01,91.0,0.36,15.85,203.50757122039795,93.74677686405477,-35.19168757413749
6,85.43000030517578,86.75,84.5,85.83999633789062,85.83999633789062,55681200,0.0699999999999999,4.9,41.8,265250,184283.0,59332.0,1208.0,2083.89,1.27,99.0939401301081,0.91,93.5,0.38,17.77,203.50757122039795,93.74677686405477,-35.19168757413749
7,116.62999725341795,119.81999969482422,116.5,118.79000091552734,118.79000091552734,42168200,0.06,5.0,41.9,251500,182899.0,59489.0,1303.0,2157.69,1.24,99.24341923514427,0.86,91.2,0.4,14.22,203.50757122039795,93.74677686405477,-35.19168757413749
8,142.00999450683594,143.4600067138672,138.25,138.41000366210938,138.41000366210938,23203400,0.0199999999999999,4.7,41.9,252200,189754.0,59590.0,1248.0,2246.63,1.96,99.6679035956588,1.3,98.2,0.54,12.47,203.50757122039795,93.74677686405477,-35.19168757413749
9,147.33999633789062,147.39999389648438,140.0,143.36000061035156,143.36000061035156,19671000,0.02,4.4,41.8,233750,186965.0,61217.0,1272.0,2366.82,1.7,99.90791382269568,1.17,96.9,0.79,11.9,203.50757122039795,93.74677686405477,-35.19168757413749
10,176.1199951171875,185.0,174.24000549316406,183.6000061035156,183.6000061035156,41587400,-0.01,4.3,42.0,248000,185638.0,60282.0,1353.0,2433.99,1.15,99.9438878626564,0.84,95.0,1.04,10.51,203.50757122039795,93.74677686405477,-35.19168757413749
11,200.1100006103516,204.3800048828125,197.7700042724609,199.47999572753903,199.47999572753903,23900100,-0.03,4.3,41.9,272400,189788.0,63738.0,1273.0,2492.84,1.05,100.157121409161,0.82,95.1,1.15,10.44,203.50757122039795,93.74677686405477,-35.19168757413749
12,255.0500030517578,257.7099914550781,248.0200042724609,250.2899932861328,250.2899932861328,27705300,0.0,4.1,41.8,242600,196820.0,63706.0,1311.0,2664.34,1.1,100.541820853972,0.56,95.9,1.3,10.26,203.50757122039795,93.74677686405477,-35.19168757413749
13,329.6600036621094,338.6199951171875,323.7699890136719,336.0599975585937,336.0599975585937,33866500,0.01,4.0,42.2,225800,199775.0,64151.0,1385.0,2702.77,1.34,100.853038383548,0.57,101.4,1.51,19.02,203.50757122039795,93.74677686405477,-35.19168757413749
14,346.95001220703125,385.0,344.0,379.4800109863281,379.4800109863281,58410400,0.0499999999999999,4.0,42.2,222600,203807.0,67716.0,1345.0,2754.35,1.09,100.804780122537,0.38,98.2,1.82,13.68,203.50757122039795,93.74677686405477,-35.19168757413749
15,378.3299865722656,380.0,356.5,364.7000122070313,364.7000122070313,32610900,0.2099999999999999,3.7,42.0,205200,207405.0,67190.0,1314.0,2901.5,1.06,100.485319382087,0.24,100.1,1.95,12.91,203.50757122039795,88.857888116171,-35.19168757413749
16,351.9700012207031,353.0,336.7300109863281,339.1000061035156,339.1000061035156,26621000,0.06,3.9,42.1,224600,198538.0,65602.0,1317.0,2567.31,0.56,99.8580511000046,0.16,98.3,2.27,24.95,203.50757122039795,80.98046075861218,-35.19168757413749
17,365.0499877929688,368.760009765625,350.6000061035156,354.739990234375,354.739990234375,18054100,0.19,3.8,41.7,211800,201488.0,67592.0,1305.0,2803.98,0.17,99.3358009873195,0.16,98.4,2.41,14.49,203.50757122039795,82.02867359680991,-35.19168757413749
18,323.760009765625,329.8500061035156,320.29998779296875,325.2099914550781,325.2099914550781,31287100,0.0399999999999999,3.6,41.7,225200,198808.0,66127.0,1315.0,2890.17,-0.3,98.9769665881838,0.26,98.2,2.38,15.84,203.50757122039795,73.76263019412153,-35.19168757413749
19,304.489990234375,308.75,288.29998779296875,293.3500061035156,293.3500061035156,38258900,0.4199999999999999,3.5,41.5,209500,196780.0,64927.0,1474.0,2982.16,-0.35,98.84114311296292,0.05,93.2,2.04,15.56,203.50757122039795,66.0313885374504,-35.19168757413749
20,332.54998779296875,336.29998779296875,323.6000061035156,326.0,326.0,21730000,0.78,3.6,41.4,236000,194939.0,62742.0,1451.0,3176.75,0.31,99.0546186213183,0.25,99.3,1.55,13.76,216.8841426849365,69.55327720619907,-35.19168757413749
21,429.7300109863281,433.0,413.0,421.4200134277344,421.4200134277344,21084800,-0.04,4.4,41.2,2334500,170136.0,60644.0,1358.0,2652.39,0.24,97.6721191925629,0.42,89.1,0.65,57.74,233.94050064086915,77.04414788177374,-35.19168757413749
22,501.0299987792969,506.8500061035156,488.25,489.0499877929688,489.0499877929688,17405700,-0.3899999999999999,7.8,41.2,851750,185169.0,61549.0,1624.0,3365.52,0.59,98.7370469361857,0.54,80.4,0.09,27.65,252.60250015258788,80.67350200379606,-35.19168757413749
23,565.4199829101562,593.2899780273438,556.8599853515625,586.3400268554688,586.3400268554688,32637500,-0.1899999999999999,6.7,41.4,836750,194186.0,63538.0,1744.0,3695.31,0.84,99.92670655661,0.8,80.7,0.09,22.37,276.8650016784668,84.47589032480703,-35.19168757413749
24,508.0,515.4600219726562,503.6000061035156,508.8999938964844,508.8999938964844,22897400,0.77,6.1,41.6,669250,200903.0,66492.0,1732.0,3910.51,1.54,101.001751561517,1.46,84.9,0.07,21.84,296.9230014801025,72.2850505070896,-35.19168757413749
0,0.550000011920929,0.5625,0.546750009059906,0.5575000047683716,0.5352628231048584,676904000,0.0,5.7,42.0,287600,185214.0,65003.0,1049.0,2028.18,1.77,100.696579285845,1.33,98.1,0.11,19.12,3.125225019454956,93.84636652492846,2.194771979844244
1,0.5252500176429749,0.5460000038146973,0.5122500061988831,0.5207499861717224,0.5019038915634155,1146552000,0.0,5.4,41.8,286000,191871.0,64277.0,1166.0,2094.86,1.81,100.371940513402,1.4,95.9,0.12,13.49,3.125225019454956,93.84636652492846,2.194771979844244
2,0.5615000128746033,0.5842499732971191,0.546999990940094,0.5745000243186951,0.5562717914581299,1405248000,0.01,5.2,41.8,277750,191814.0,63488.0,1140.0,2094.14,2.19,99.9710150567604,1.66,93.1,0.13,14.35,3.125225019454956,93.84636652492846,2.194771979844244
3,0.7612500190734863,0.7985000014305115,0.7455000281333923,0.7887499928474426,0.7669370770454407,1172272000,0.0,5.0,41.8,267000,184613.0,63436.0,1160.0,2024.81,1.95,99.4680323599224,1.43,90.0,0.12,16.79,3.125225019454956,93.84636652492846,2.194771979844244
4,0.7482500076293945,0.7745000123977661,0.7475000023841858,0.7509999871253967,0.733004093170166,1068660000,0.0,4.8,41.9,279600,177754.0,61843.0,1171.0,1918.6,1.72,99.1595531885749,1.19,92.0,0.34,23.72,3.125225019454956,93.84636652492846,2.194771979844244
5,0.9797499775886536,1.024999976158142,0.975000023841858,1.024500012397766,1.0035934448242188,2110256000,0.0,5.1,41.8,266000,180651.0,61212.0,1160.0,2075.54,1.44,99.0881789884063,1.04,89.0,0.37,14.3,3.125225019454956,93.84636652492846,2.194771979844244
6,1.5475000143051147,1.5844999551773071,1.5157500505447388,1.5759999752044678,1.5478476285934448,1425744000,0.0,4.8,42.0,259400,181431.0,59776.0,1198.0,2148.9,1.11,99.1107374959418,0.83,90.0,0.39,13.16,3.125225019454956,93.84636652492846,2.194771979844244
7,1.9877500534057613,2.219249963760376,1.962499976158142,2.1992499828338623,2.16394567489624,2175344000,0.01,4.9,42.0,255800,183383.0,59280.0,1254.0,2143.02,1.36,99.3693118135355,0.92,87.2,0.4,14.59,3.125225019454956,93.84636652492846,2.194771979844244
8,2.9982500076293945,3.0174999237060547,2.815000057220459,2.8405001163482666,2.7990853786468506,1651092000,0.0,4.7,41.9,244000,189443.0,60577.0,1303.0,2275.12,1.78,99.78947565131242,1.23,98.5,0.65,11.61,3.125225019454956,93.84636652492846,2.194771979844244
9,2.857249975204468,3.0455000400543213,2.8505001068115234,3.032249927520752,2.9918112754821777,2129096000,0.0,4.4,42.0,227800,186764.0,61377.0,1251.0,2359.31,1.39,99.92041587077092,1.06,97.0,0.9,13.14,3.125225019454956,93.84636652492846,2.194771979844244
10,3.928499937057495,3.974999904632568,3.8227500915527344,3.8989999294281006,3.851053476333618,1497196000,0.0,4.3,41.9,250800,185650.0,61172.0,1256.0,2454.1,1.16,99.9767853851873,0.95,93.4,1.15,10.26,3.125225019454956,93.84636652492846,2.194771979844244
11,5.327000141143799,5.466750144958496,5.290750026702881,5.403500080108643,5.341751575469971,1253256000,0.0099999999999999,4.2,42.0,242250,192372.0,63809.0,1356.0,2557.0,1.2,100.28409130910102,0.81,100.7,1.15,10.13,3.125225019454956,93.84636652492846,2.194771979844244
12,5.956250190734863,5.972249984741211,5.438000202178955,5.802000045776367,5.739683628082275,1674604000,0.01,4.0,41.9,235250,199734.0,63684.0,1317.0,2789.8,1.17,100.668635534121,0.55,95.7,1.41,11.06,3.125225019454956,93.84636652492846,2.194771979844244
13,6.319499969482422,6.494750022888184,6.263500213623047,6.363249778747559,6.298815727233887,1214456000,0.01,4.0,42.3,221500,201729.0,65251.0,1378.0,2653.63,1.18,100.872616354723,0.48,98.8,1.69,18.27,3.125225019454956,93.84636652492846,2.194771979844244
14,6.323500156402588,6.324250221252441,6.093249797821045,6.120500087738037,6.062272071838379,1143188000,0.0,3.8,42.2,209500,205091.0,68233.0,1334.0,2793.64,0.98,100.729100259206,0.28,97.9,1.91,13.15,3.125225019454956,93.84636652492846,2.194771979844244
15,4.083000183105469,4.266499996185303,4.040249824523926,4.110750198364258,4.073869228363037,1963520000,0.0,3.8,42.1,213000,207827.0,67696.0,1272.0,2785.46,0.96,100.297193002266,0.29,98.6,2.19,19.35,3.125225019454956,63.20782688409294,2.194771979844244
16,4.073750019073486,4.096749782562256,3.910500049591065,3.933500051498413,3.902109146118164,1516748000,0.0,4.0,42.0,222750,199495.0,66871.0,1261.0,2607.39,0.31,99.65139055242408,0.17,91.2,2.4,19.57,3.125225019454956,61.306798889057866,2.194771979844244
17,3.962500095367432,4.092750072479248,3.873500108718872,3.913249969482422,3.886021375656128,1022068000,0.0,3.7,41.6,209750,202759.0,66858.0,1311.0,2903.8,0.11,99.2042658362208,0.19,97.2,2.42,12.95,3.125225019454956,61.080778777492384,2.194771979844244
18,3.983750104904175,4.03849983215332,3.921999931335449,3.989000082015991,3.9657657146453857,1007960000,0.0,3.7,41.5,208500,199540.0,65540.0,1352.0,2996.11,-0.34,98.89289360200692,0.22,98.4,2.4,13.31,3.125225019454956,61.650340941278685,2.194771979844244
19,5.242499828338623,5.29449987411499,5.015999794006348,5.104750156402588,5.080042362213135,1053628000,0.01,3.6,41.4,212250,195081.0,64707.0,1525.0,2977.68,-0.12,98.8944108594582,0.16,95.5,1.83,15.47,3.125225019454956,68.87550386726568,2.194771979844244
20,7.18149995803833,7.374249935150146,7.150000095367432,7.244750022888184,7.215001106262207,1041924000,0.01,3.6,41.3,214500,191348.0,61781.0,1507.0,3278.2,0.21,99.0912204159545,0.24,99.8,1.55,13.94,3.4595875203609467,77.59458378970089,2.194771979844244
21,11.975000381469728,12.375,11.87874984741211,12.140999794006348,12.103899002075195,921388000,0.0,10.2,40.7,1383500,184738.0,59349.0,1546.0,3207.62,0.53,97.7326868708286,0.48,72.5,0.09,26.84,4.040600010752678,86.74427348896246,2.194771979844244
22,13.212750434875488,13.487500190734863,13.100000381469728,13.440250396728516,13.403188705444336,565936000,0.0099999999999999,6.8,41.4,795400,184541.0,62244.0,1613.0,3418.7,0.7,99.105162920105,0.64,81.8,0.09,29.44,4.683887529373169,88.1295445975495,2.194771979844244
23,14.045499801635742,14.374750137329102,13.2162504196167,13.307499885559082,13.274725914001465,824436000,0.0,6.4,41.6,827800,197804.0,64828.0,1883.0,3793.75,1.0,100.304464890254,0.95,79.0,0.09,24.91,5.309825024008751,87.12766558755148,2.194771979844244
24,15.699749946594238,15.75,15.460000038146973,15.48799991607666,15.455187797546388,581476000,0.0099999999999999,6.1,41.6,589000,200300.0,67997.0,1738.0,4141.18,1.57,101.26570148598302,1.47,88.3,0.07,17.42,6.046675020456314,89.2828219147291,2.194771979844244
0,12.904666900634766,13.53933334350586,12.885333061218262,13.525333404541016,13.525333404541016,234744000,-0.04,5.7,42.0,287600,185214.0,65003.0,1049.0,2028.18,1.77,100.696579285845,1.33,98.1,0.11,19.12,17.530300092697143,64.91549921163092,-10.612455728504983
1,14.733332633972168,15.83199977874756,14.68333339691162,15.786666870117188,15.786666870117188,141838500,0.0,5.4,41.8,286000,191871.0,64277.0,1166.0,2094.86,1.81,100.371940513402,1.4,95.9,0.12,13.49,17.530300092697143,64.91549921163092,-10.612455728504983
2,16.63599967956543,17.0,15.7413330078125,16.408666610717773,16.408666610717773,219357000,0.0399999999999999,5.2,41.8,277750,191814.0,63488.0,1140.0,2094.14,2.19,99.9710150567604,1.66,93.1,0.13,14.35,17.530300092697143,64.91549921163092,-10.612455728504983
3,15.133333206176758,15.515999794006348,15.013333320617676,15.44200038909912,15.44200038909912,190896000,-0.02,5.0,41.8,267000,184613.0,63436.0,1160.0,2024.81,1.95,99.4680323599224,1.43,90.0,0.12,16.79,17.530300092697143,64.91549921163092,-10.612455728504983
4,10.133333206176758,10.883999824523926,9.800000190734863,10.031332969665527,10.031332969665527,213786000,-0.0699999999999999,4.8,41.9,279600,177754.0,61843.0,1171.0,1918.6,1.72,99.1595531885749,1.19,92.0,0.34,23.72,17.530300092697143,64.91549921163092,-10.612455728504983
5,15.230667114257812,15.242667198181152,13.986000061035156,14.10200023651123,14.10200023651123,168822000,-0.03,5.1,41.8,266000,180651.0,61212.0,1160.0,2075.54,1.44,99.0881789884063,1.04,89.0,0.37,14.3,17.530300092697143,64.91549921163092,-10.612455728504983
6,15.04599952697754,15.390666961669922,14.803333282470703,15.37399959564209,15.37399959564209,62205000,-0.02,4.8,42.0,259400,181431.0,59776.0,1198.0,2148.9,1.11,99.1107374959418,0.83,90.0,0.39,13.16,17.530300092697143,64.91549921163092,-10.612455728504983
7,14.089332580566406,14.24666690826416,13.44333267211914,13.600666999816896,13.600666999816896,196405500,0.09,5.0,41.9,251500,182899.0,59489.0,1303.0,2157.69,1.24,99.24341923514427,0.86,91.2,0.4,14.22,17.530300092697143,64.91549921163092,-10.612455728504983
8,17.600000381469727,17.643999099731445,17.03733253479004,17.06599998474121,17.06599998474121,223728000,0.0,4.7,41.9,244000,189443.0,60577.0,1303.0,2275.12,1.78,99.78947565131242,1.23,98.5,0.65,11.61,17.530300092697143,64.91549921163092,-10.612455728504983
9,20.496000289916992,20.51799964904785,19.38400077819824,19.69733238220215,19.69733238220215,212280000,-0.09,4.4,42.0,227800,186764.0,61377.0,1251.0,2359.31,1.39,99.92041587077092,1.06,97.0,0.9,13.14,17.530300092697143,64.91549921163092,-10.612455728504983
10,23.02199935913086,23.33333206176757,22.87666702270508,23.139333724975582,23.139333724975582,203025000,-0.01,4.3,41.9,250800,185650.0,61172.0,1256.0,2454.1,1.16,99.9767853851873,0.95,93.4,1.15,10.26,17.530300092697143,64.91549921163092,-10.612455728504983
11,20.0086669921875,20.57933235168457,19.5086669921875,19.950666427612305,19.950666427612305,296871000,-0.03,4.2,42.0,242250,192372.0,63809.0,1356.0,2557.0,1.2,100.28409130910102,0.81,100.7,1.15,10.13,17.530300092697143,64.91549921163092,-10.612455728504983
12,22.88733291625977,23.2413330078125,20.97333335876465,21.01533317565918,21.01533317565918,154719000,-0.01,4.0,41.9,235250,199734.0,63684.0,1317.0,2789.8,1.17,100.668635534121,0.55,95.7,1.41,11.06,17.530300092697143,64.91549921163092,-10.612455728504983
13,18.586000442504883,19.202667236328125,18.34866714477539,18.96333312988281,18.96333312988281,260281500,0.0199999999999999,4.0,42.3,221500,201729.0,65251.0,1378.0,2653.63,1.18,100.872616354723,0.48,98.8,1.69,18.27,17.530300092697143,64.91549921163092,-10.612455728504983
14,21.895999908447266,23.332666397094727,21.54400062561035,23.30266761779785,23.30266761779785,348225000,-0.03,3.8,42.2,209500,205091.0,68233.0,1334.0,2793.64,0.98,100.729100259206,0.28,97.9,1.91,13.15,17.530300092697143,64.91549921163092,-10.612455728504983
15,21.14800071716309,21.39999961853028,20.067333221435547,20.99066734313965,20.99066734313965,312610500,0.24,3.7,42.0,205200,207405.0,67190.0,1314.0,2901.5,1.06,100.485319382087,0.24,100.1,1.95,12.91,17.530300092697143,58.87907098695914,-10.612455728504983
16,20.06666755676269,20.770666122436523,19.600000381469727,20.468000411987305,20.468000411987305,188538000,-0.02,4.0,42.0,222750,199495.0,66871.0,1261.0,2607.39,0.31,99.65139055242408,0.17,91.2,2.4,19.57,17.530300092697143,57.575627679480114,-10.612455728504983
17,17.0,17.266666412353516,16.404666900634766,16.5086669921875,16.5086669921875,327741000,-0.1,3.8,41.7,211800,201488.0,67592.0,1305.0,2803.98,0.17,99.3358009873195,0.16,98.4,2.41,14.49,17.530300092697143,48.76819014168996,-10.612455728504983
18,15.56666660308838,15.633333206176758,15.036666870117188,15.254667282104492,15.254667282104492,336274500,-0.0499999999999999,3.6,41.7,225200,198808.0,66127.0,1315.0,2890.17,-0.3,98.9769665881838,0.26,98.2,2.38,15.84,17.530300092697143,46.34984003662356,-10.612455728504983
19,19.891332626342773,20.32866668701172,19.280000686645508,19.978666305541992,19.978666305541992,445813500,0.15,3.5,41.5,209500,196780.0,64927.0,1474.0,2982.16,-0.35,98.84114311296292,0.05,93.2,2.04,15.56,17.530300092697143,55.33536355385565,-10.612455728504983
20,42.16133117675781,43.391998291015625,41.20000076293945,42.72066879272461,42.72066879272461,435085500,0.0,3.6,41.4,236000,194939.0,62742.0,1451.0,3176.75,0.31,99.0546186213183,0.25,99.3,1.55,13.76,18.990066862106325,76.09359176800517,-10.612455728504983
21,111.93000030517578,112.5999984741211,98.71800231933594,100.87133026123048,100.87133026123048,364927500,0.19,11.0,39.9,1490250,172517.0,58274.0,1338.0,3104.66,0.65,96.1431955429304,0.54,78.1,0.08,31.12,23.244300031661982,89.51374579465889,-10.612455728504983
22,147.30667114257812,148.41000366210938,141.50332641601562,141.92999267578125,141.92999267578125,119979600,0.0199999999999999,7.8,41.2,851750,185169.0,61549.0,1624.0,3365.52,0.59,98.7370469361857,0.54,80.4,0.09,27.65,29.52036633491516,92.6507799206568,-10.612455728504983
23,273.3333435058594,282.6666564941406,267.0,278.4766540527344,278.4766540527344,79134000,-0.13,6.7,41.4,836750,194186.0,63538.0,1744.0,3695.31,0.84,99.92670655661,0.8,80.7,0.09,22.37,42.67209901809692,96.45208632869786,-10.612455728504983
24,239.32000732421875,241.3333282470703,234.4499969482422,234.913330078125,234.913330078125,88311000,-0.0199999999999999,6.1,41.6,669250,200903.0,66492.0,1732.0,3910.51,1.54,101.001751561517,1.46,84.9,0.07,21.84,53.916198873519896,81.89786962582228,-10.612455728504983
